Time,StdMag,Mag,Filter,Penumbra,Distance,Phase,Channel
0.0,6.596,8.26762,Clear,0,1675.203,113.371,3
0.10000000000582077,6.761,8.43212,Clear,0,1674.891,113.357,3
0.20000000001164153,6.563,8.23258,Clear,0,1674.58,113.342,3
0.3000000000029104,6.665,8.33385,Clear,0,1674.269,113.328,3
0.40000000000873115,6.695,8.3625,Clear,0,1673.958,113.314,3
0.5,7.101,8.76822,Clear,0,1673.647,113.3,3
0.6000000000058208,6.982,8.6491,Clear,0,1673.337,113.285,3
0.7000000000116415,6.931,8.59687,Clear,0,1673.027,113.271,3
0.9000000000087311,6.906,8.57005,Clear,0,1672.407,113.242,3
1.0,6.701,8.36429,Clear,0,1672.097,113.228,3
1.1000000000058208,6.857,8.51986,Clear,0,1671.788,113.214,3
1.2000000000116415,6.663,8.32475,Clear,0,1671.479,113.199,3
1.3000000000029104,7.102,8.76304,Clear,0,1671.17,113.185,3
1.4000000000087311,6.678,8.33777,Clear,0,1670.861,113.171,3
1.6000000000058208,6.55,8.20907,Clear,0,1670.244,113.142,3
1.7000000000116415,6.834,8.49183,Clear,0,1669.936,113.128,3
1.8000000000029104,6.754,8.4109,Clear,0,1669.628,113.113,3
1.9000000000087311,6.702,8.3576,Clear,0,1669.32,113.099,3
2.0,6.481,8.13633,Clear,0,1669.013,113.085,3
2.1000000000058208,6.479,8.13343,Clear,0,1668.706,113.07,3
2.2000000000116415,6.702,8.35582,Clear,0,1668.399,113.056,3
2.3000000000029104,6.712,8.36518,Clear,0,1668.092,113.042,3
2.400000000008731,6.292,7.94347,Clear,0,1667.785,113.027,3
2.5,6.725,8.37598,Clear,0,1667.479,113.013,3
2.6000000000058208,6.819,8.46893,Clear,0,1667.172,112.998,3
2.7000000000116415,6.754,8.40346,Clear,0,1666.866,112.984,3
2.8000000000029104,6.698,8.34654,Clear,0,1666.56,112.97,3
2.900000000008731,6.664,8.31189,Clear,0,1666.255,112.955,3
3.0,6.789,8.43546,Clear,0,1665.949,112.941,3
3.1000000000058208,6.599,8.24454,Clear,0,1665.644,112.926,3
3.2000000000116415,6.618,8.26394,Clear,0,1665.339,112.912,3
3.3000000000029104,6.476,8.12049,Clear,0,1665.034,112.898,3
3.400000000008731,6.364,8.00789,Clear,0,1664.73,112.883,3
3.5,6.802,8.44458,Clear,0,1664.426,112.869,3
3.6000000000058208,6.549,8.19061,Clear,0,1664.121,112.854,3
3.7000000000116415,6.665,8.30636,Clear,0,1663.817,112.84,3
3.8000000000029104,6.884,8.52504,Clear,0,1663.514,112.825,3
3.900000000008731,6.449,8.08914,Clear,0,1663.21,112.811,3
4.0,6.222,7.86106,Clear,0,1662.907,112.796,3
4.100000000005821,6.535,8.17246,Clear,0,1662.604,112.782,3
4.2000000000116415,6.479,8.11621,Clear,0,1662.301,112.767,3
4.30000000000291,6.59,8.22666,Clear,0,1661.998,112.753,3
4.400000000008731,6.694,8.33037,Clear,0,1661.696,112.738,3
4.5,6.33,7.96493,Clear,0,1661.394,112.724,3
4.600000000005821,6.707,8.34127,Clear,0,1661.091,112.709,3
4.7000000000116415,6.642,8.2746,Clear,0,1660.79,112.695,3
4.80000000000291,6.516,8.1491,Clear,0,1660.488,112.68,3
4.900000000008731,6.628,8.26028,Clear,0,1660.187,112.666,3
5.0,6.456,8.08671,Clear,0,1659.885,112.651,3
5.100000000005821,6.701,8.33124,Clear,0,1659.584,112.637,3
5.2000000000116415,6.334,7.96338,Clear,0,1659.284,112.622,3
5.30000000000291,6.347,7.97582,Clear,0,1658.983,112.607,3
5.400000000008731,6.381,8.00918,Clear,0,1658.683,112.593,3
5.5,6.566,8.1929,Clear,0,1658.383,112.578,3
5.600000000005821,6.705,8.33081,Clear,0,1658.083,112.564,3
5.7000000000116415,6.266,7.89073,Clear,0,1657.783,112.549,3
5.80000000000291,6.333,7.95814,Clear,0,1657.484,112.535,3
5.900000000008731,6.4,8.02412,Clear,0,1657.184,112.52,3
6.0,6.291,7.91382,Clear,0,1656.885,112.505,3
6.100000000005821,6.756,8.37824,Clear,0,1656.586,112.491,3
6.2000000000116415,6.614,8.23457,Clear,0,1656.288,112.476,3
6.30000000000291,6.452,8.0726,Clear,0,1655.989,112.462,3
6.400000000008731,6.362,7.98241,Clear,0,1655.691,112.447,3
6.5,6.523,8.14178,Clear,0,1655.393,112.432,3
6.600000000005821,6.935,8.55342,Clear,0,1655.095,112.418,3
6.7000000000116415,6.666,8.28245,Clear,0,1654.798,112.403,3
6.80000000000291,6.702,8.31835,Clear,0,1654.5,112.388,3
6.900000000008731,6.355,7.97142,Clear,0,1654.203,112.374,3
7.0,6.413,8.02829,Clear,0,1653.906,112.359,3
7.100000000005821,6.526,8.13977,Clear,0,1653.61,112.344,3
7.2000000000116415,6.495,8.10754,Clear,0,1653.313,112.33,3
7.30000000000291,6.479,8.09108,Clear,0,1653.017,112.315,3
7.400000000008731,6.507,8.11854,Clear,0,1652.721,112.3,3
7.5,6.69,8.3005,Clear,0,1652.425,112.286,3
7.600000000005821,6.716,8.32565,Clear,0,1652.129,112.271,3
7.7000000000116415,6.616,8.2252,Clear,0,1651.834,112.256,3
7.80000000000291,6.726,8.33432,Clear,0,1651.539,112.241,3
7.900000000008731,6.495,8.10332,Clear,0,1651.244,112.227,3
8.0,6.669,8.27591,Clear,0,1650.949,112.212,3
8.10000000000582,6.461,8.06737,Clear,0,1650.654,112.197,3
8.200000000011642,6.895,8.50031,Clear,0,1650.36,112.183,3
8.30000000000291,7.131,8.73526,Clear,0,1650.066,112.168,3
8.5,6.638,8.24104,Clear,0,1649.478,112.138,3
8.60000000000582,6.761,8.36251,Clear,0,1649.185,112.124,3
8.700000000011642,7.076,8.67649,Clear,0,1648.892,112.109,3
8.80000000000291,7.052,8.65233,Clear,0,1648.599,112.094,3
8.900000000008731,6.522,8.12175,Clear,0,1648.306,112.079,3
9.30000000000291,6.839,8.43445,Clear,0,1647.137,112.02,3
9.400000000008731,6.874,8.47033,Clear,0,1646.845,112.005,3
9.60000000000582,6.672,8.26607,Clear,0,1646.262,111.976,3
9.900000000008731,7.018,8.61004,Clear,0,1645.389,111.931,3
10.30000000000291,6.787,8.37462,Clear,0,1644.229,111.872,3
10.5,7.035,8.62187,Clear,0,1643.65,111.842,3
10.60000000000582,6.45,8.03553,Clear,0,1643.361,111.827,3
10.700000000011642,6.908,8.49273,Clear,0,1643.072,111.812,3
10.80000000000291,7.108,8.6921,Clear,0,1642.783,111.797,3
11.0,6.852,8.43541,Clear,0,1642.207,111.768,3
11.10000000000582,7.14,8.72213,Clear,0,1641.919,111.753,3
11.200000000011642,7.131,8.71223,Clear,0,1641.631,111.738,3
11.400000000008731,6.87,8.44982,Clear,0,1641.056,111.708,3
11.5,7.121,8.69998,Clear,0,1640.769,111.693,3
11.700000000011642,7.038,8.61453,Clear,0,1640.195,111.663,3
11.80000000000291,6.429,8.00461,Clear,0,1639.909,111.648,3
11.900000000008731,7.102,8.67828,Clear,0,1639.622,111.633,3
12.0,6.84,8.41461,Clear,0,1639.336,111.618,3
12.10000000000582,6.611,8.18543,Clear,0,1639.051,111.603,3
12.200000000011642,6.757,8.32954,Clear,0,1638.765,111.588,3
12.30000000000291,6.674,8.24624,Clear,0,1638.48,111.573,3
12.400000000008731,6.814,8.38642,Clear,0,1638.194,111.558,3
12.700000000011642,7.102,8.67114,Clear,0,1637.34,111.513,3
12.80000000000291,7.143,8.711,Clear,0,1637.056,111.498,3
12.900000000008731,6.665,8.23309,Clear,0,1636.772,111.483,3
13.0,6.995,8.56234,Clear,0,1636.488,111.468,3
13.10000000000582,7.041,8.60668,Clear,0,1636.204,111.453,3
13.200000000011642,6.776,8.34086,Clear,0,1635.921,111.438,3
13.400000000008731,6.719,8.28294,Clear,0,1635.355,111.408,3
13.5,6.647,8.21036,Clear,0,1635.072,111.393,3
13.60000000000582,6.732,8.29378,Clear,0,1634.79,111.378,3
13.700000000011642,7.027,8.58785,Clear,0,1634.507,111.363,3
13.80000000000291,6.993,8.55432,Clear,0,1634.225,111.348,3
13.900000000008731,7.241,8.8014,Clear,0,1633.944,111.333,3
14.0,6.695,8.25348,Clear,0,1633.662,111.318,3
14.10000000000582,6.675,8.23269,Clear,0,1633.381,111.303,3
14.200000000011642,6.917,8.47428,Clear,0,1633.099,111.287,3
14.30000000000291,6.626,8.18316,Clear,0,1632.818,111.272,3
14.400000000008731,6.583,8.13941,Clear,0,1632.538,111.257,3
14.5,6.927,8.48222,Clear,0,1632.257,111.242,3
14.700000000011642,6.82,8.37327,Clear,0,1631.697,111.212,3
14.80000000000291,7.212,8.76459,Clear,0,1631.417,111.197,3
14.900000000008731,6.675,8.22716,Clear,0,1631.137,111.182,3
15.0,6.984,8.53532,Clear,0,1630.858,111.166,3
15.10000000000582,6.779,8.32868,Clear,0,1630.579,111.151,3
15.200000000011642,6.918,8.46737,Clear,0,1630.3,111.136,3
15.400000000008731,6.646,8.19418,Clear,0,1629.743,111.106,3
15.5,7.019,8.56556,Clear,0,1629.465,111.091,3
15.700000000011642,6.485,8.03125,Clear,0,1628.909,111.06,3
15.80000000000291,6.489,8.03421,Clear,0,1628.631,111.045,3
15.900000000008731,6.704,8.24825,Clear,0,1628.354,111.03,3
16.0,6.955,8.49778,Clear,0,1628.077,111.015,3
16.10000000000582,7.212,8.7543,Clear,0,1627.8,111.0,3
16.20000000001164,6.64,8.18202,Clear,0,1627.523,110.984,3
16.30000000000291,6.961,8.50183,Clear,0,1627.247,110.969,3
16.40000000000873,7.166,8.70548,Clear,0,1626.97,110.954,3
16.5,7.024,8.56287,Clear,0,1626.694,110.939,3
16.60000000000582,6.905,8.44307,Clear,0,1626.419,110.923,3
16.90000000000873,7.089,8.62486,Clear,0,1625.593,110.878,3
17.0,7.032,8.56658,Clear,0,1625.318,110.862,3
17.10000000000582,7.227,8.7614,Clear,0,1625.043,110.847,3
17.30000000000291,7.012,8.54517,Clear,0,1624.494,110.817,3
17.40000000000873,6.979,8.51075,Clear,0,1624.22,110.801,3
17.5,6.741,8.27167,Clear,0,1623.947,110.786,3
17.60000000000582,6.98,8.51127,Clear,0,1623.673,110.771,3
17.70000000001164,6.693,8.22254,Clear,0,1623.4,110.755,3
17.80000000000291,6.685,8.21392,Clear,0,1623.127,110.74,3
17.90000000000873,6.664,8.19188,Clear,0,1622.854,110.725,3
18.0,6.977,8.50359,Clear,0,1622.581,110.709,3
18.20000000001164,7.094,8.62031,Clear,0,1622.037,110.679,3
18.30000000000291,7.028,8.55315,Clear,0,1621.765,110.663,3
18.40000000000873,7.03,8.55422,Clear,0,1621.493,110.648,3
18.5,7.407,8.92963,Clear,0,1621.222,110.633,3
18.60000000000582,7.182,8.70471,Clear,0,1620.951,110.617,3
18.90000000000873,6.71,8.23005,Clear,0,1620.138,110.571,3
19.0,6.983,8.50257,Clear,0,1619.868,110.556,3
19.10000000000582,6.758,8.27662,Clear,0,1619.598,110.541,3
19.20000000001164,6.81,8.32831,Clear,0,1619.328,110.525,3
19.40000000000873,6.849,8.36494,Clear,0,1618.789,110.494,3
19.5,6.863,8.3794,Clear,0,1618.52,110.479,3
19.60000000000582,7.279,8.79423,Clear,0,1618.251,110.464,3
19.70000000001164,7.081,8.5945,Clear,0,1617.982,110.448,3
19.80000000000291,6.629,8.14214,Clear,0,1617.714,110.433,3
19.90000000000873,6.768,8.28077,Clear,0,1617.445,110.417,3
20.0,7.148,8.65963,Clear,0,1617.177,110.402,3
20.20000000001164,6.632,8.14214,Clear,0,1616.642,110.371,3
20.30000000000291,7.093,8.60173,Clear,0,1616.375,110.356,3
20.40000000000873,6.705,8.21353,Clear,0,1616.107,110.34,3
20.5,7.356,8.86372,Clear,0,1615.841,110.325,3
20.60000000000582,6.645,8.15169,Clear,0,1615.574,110.309,3
20.70000000001164,6.64,8.1458,Clear,0,1615.307,110.294,3
20.80000000000291,6.988,8.49394,Clear,0,1615.041,110.278,3
20.90000000000873,6.862,8.36674,Clear,0,1614.775,110.263,3
21.10000000000582,6.64,8.14324,Clear,0,1614.244,110.232,3
21.20000000001164,6.833,8.33528,Clear,0,1613.979,110.216,3
21.30000000000291,6.955,8.45668,Clear,0,1613.714,110.201,3
21.40000000000873,7.038,8.53936,Clear,0,1613.449,110.185,3
21.5,6.946,8.44599,Clear,0,1613.184,110.17,3
21.60000000000582,7.01,8.50921,Clear,0,1612.92,110.154,3
21.70000000001164,6.67,8.16916,Clear,0,1612.656,110.139,3
21.80000000000291,7.126,8.62429,Clear,0,1612.392,110.123,3
21.90000000000873,6.834,8.33092,Clear,0,1612.128,110.107,3
22.0,6.945,8.44068,Clear,0,1611.865,110.092,3
22.10000000000582,6.505,7.99981,Clear,0,1611.602,110.076,3
22.20000000001164,6.983,8.47839,Clear,0,1611.339,110.061,3
22.30000000000291,6.902,8.3959,Clear,0,1611.076,110.045,3
22.40000000000873,6.753,8.24642,Clear,0,1610.814,110.03,3
22.5,7.06,8.55209,Clear,0,1610.552,110.014,3
22.60000000000582,7.216,8.7084,Clear,0,1610.289,109.998,3
22.70000000001164,6.682,8.17291,Clear,0,1610.028,109.983,3
22.80000000000291,7.004,8.49394,Clear,0,1609.766,109.967,3
22.90000000000873,6.981,8.47044,Clear,0,1609.505,109.952,3
23.0,6.412,7.9003,Clear,0,1609.244,109.936,3
23.10000000000582,7.046,8.53358,Clear,0,1608.983,109.92,3
23.20000000001164,6.764,8.25126,Clear,0,1608.722,109.905,3
23.30000000000291,6.893,8.3794,Clear,0,1608.462,109.889,3
23.40000000000873,6.923,8.40797,Clear,0,1608.202,109.874,3
23.5,6.513,7.99757,Clear,0,1607.942,109.858,3
23.60000000000582,7.051,8.53463,Clear,0,1607.682,109.842,3
23.70000000001164,6.729,8.21158,Clear,0,1607.423,109.827,3
23.80000000000291,6.574,8.05574,Clear,0,1607.164,109.811,3
23.90000000000873,6.773,8.25369,Clear,0,1606.905,109.795,3
24.0,6.608,8.08934,Clear,0,1606.646,109.78,3
24.10000000000582,6.543,8.02249,Clear,0,1606.387,109.764,3
24.20000000001164,6.984,8.46256,Clear,0,1606.129,109.748,3
24.30000000000291,6.853,8.33135,Clear,0,1605.871,109.733,3
24.40000000000873,6.84,8.31752,Clear,0,1605.613,109.717,3
24.5,6.956,8.43253,Clear,0,1605.356,109.701,3
24.60000000000582,6.548,8.02348,Clear,0,1605.098,109.686,3
24.70000000001164,6.577,8.05237,Clear,0,1604.841,109.67,3
24.80000000000291,6.762,8.23681,Clear,0,1604.584,109.654,3
24.90000000000873,7.146,8.61974,Clear,0,1604.328,109.638,3
25.0,6.782,8.25531,Clear,0,1604.071,109.623,3
25.10000000000582,6.749,8.22058,Clear,0,1603.815,109.607,3
25.20000000001164,6.555,8.0261,Clear,0,1603.559,109.591,3
25.30000000000291,6.788,8.25938,Clear,0,1603.304,109.575,3
25.40000000000873,6.938,8.40844,Clear,0,1603.048,109.56,3
25.5,7.228,8.69737,Clear,0,1602.793,109.544,3
25.60000000000582,6.905,8.3726,Clear,0,1602.538,109.528,3
25.70000000001164,6.761,8.22886,Clear,0,1602.283,109.512,3
25.80000000000291,6.769,8.23641,Clear,0,1602.029,109.497,3
25.90000000000873,6.726,8.19226,Clear,0,1601.774,109.481,3
26.0,6.779,8.24441,Clear,0,1601.52,109.465,3
26.10000000000582,6.81,8.27538,Clear,0,1601.267,109.449,3
26.20000000001164,6.587,8.05102,Clear,0,1601.013,109.434,3
26.30000000000291,6.987,8.44986,Clear,0,1600.76,109.418,3
26.40000000000873,6.842,8.30428,Clear,0,1600.507,109.402,3
26.5,6.644,8.10477,Clear,0,1600.254,109.386,3
26.60000000000582,6.866,8.32658,Clear,0,1600.001,109.37,3
26.70000000001164,6.667,8.12736,Clear,0,1599.749,109.355,3
26.80000000000291,6.756,8.21466,Clear,0,1599.497,109.339,3
26.90000000000873,6.63,8.08761,Clear,0,1599.245,109.323,3
27.0,6.506,7.96357,Clear,0,1598.993,109.307,3
27.10000000000582,6.866,8.3225,Clear,0,1598.742,109.291,3
27.20000000001164,6.778,8.23363,Clear,0,1598.49,109.275,3
27.30000000000291,6.998,8.45342,Clear,0,1598.24,109.259,3
27.40000000000873,6.961,8.41599,Clear,0,1597.989,109.244,3
27.5,6.817,8.27054,Clear,0,1597.738,109.228,3
27.60000000000582,6.721,8.17353,Clear,0,1597.488,109.212,3
27.70000000001164,6.814,8.26642,Clear,0,1597.238,109.196,3
27.80000000000291,6.761,8.2127,Clear,0,1596.988,109.18,3
27.90000000000873,6.856,8.30661,Clear,0,1596.739,109.164,3
28.0,6.686,8.13644,Clear,0,1596.49,109.148,3
28.10000000000582,6.898,8.34701,Clear,0,1596.241,109.132,3
28.20000000001164,7.204,8.65156,Clear,0,1595.992,109.117,3
28.30000000000291,6.644,8.0918,Clear,0,1595.743,109.101,3
28.40000000000873,6.313,7.76003,Clear,0,1595.495,109.085,3
28.5,6.853,8.29896,Clear,0,1595.247,109.069,3
28.60000000000582,6.71,8.15445,Clear,0,1594.999,109.053,3
28.70000000001164,6.572,8.0171,Clear,0,1594.751,109.037,3
28.80000000000291,6.897,8.34083,Clear,0,1594.504,109.021,3
28.90000000000873,6.736,8.17882,Clear,0,1594.257,109.005,3
29.0,6.694,8.13608,Clear,0,1594.01,108.989,3
29.10000000000582,6.683,8.12484,Clear,0,1593.763,108.973,3
29.20000000001164,6.493,7.93412,Clear,0,1593.517,108.957,3
29.30000000000291,6.918,8.35813,Clear,0,1593.271,108.941,3
29.40000000000873,6.95,8.38943,Clear,0,1593.025,108.925,3
29.5,7.027,8.46618,Clear,0,1592.779,108.909,3
29.60000000000582,6.68,8.11765,Clear,0,1592.534,108.893,3
29.70000000001164,6.959,8.3959,Clear,0,1592.289,108.877,3
29.80000000000291,6.646,8.08239,Clear,0,1592.044,108.861,3
29.90000000000873,6.84,8.2755,Clear,0,1591.799,108.845,3
30.0,6.724,8.15854,Clear,0,1591.555,108.829,3
30.10000000000582,6.922,8.35545,Clear,0,1591.31,108.813,3
30.20000000001164,7.0,8.4331,Clear,0,1591.066,108.797,3
30.30000000000291,6.787,8.21977,Clear,0,1590.823,108.781,3
30.40000000000873,6.619,8.05128,Clear,0,1590.579,108.765,3
30.5,6.698,8.12845,Clear,0,1590.336,108.749,3
30.60000000000582,6.883,8.31259,Clear,0,1590.093,108.733,3
30.70000000001164,6.817,8.24647,Clear,0,1589.85,108.717,3
30.80000000000291,6.652,8.08066,Clear,0,1589.608,108.701,3
30.90000000000873,7.002,8.43023,Clear,0,1589.365,108.685,3
31.0,6.631,8.05804,Clear,0,1589.123,108.669,3
31.10000000000582,6.749,8.17504,Clear,0,1588.881,108.653,3
31.20000000001164,6.76,8.18605,Clear,0,1588.64,108.637,3
31.30000000000291,6.382,7.80718,Clear,0,1588.399,108.621,3
31.40000000000873,6.698,8.1216,Clear,0,1588.157,108.605,3
31.5,6.783,8.20569,Clear,0,1587.917,108.589,3
31.59900000000198,6.885,8.30831,Clear,0,1587.678,108.573,3
31.70000000001164,6.649,8.07135,Clear,0,1587.436,108.556,3
31.80000000000291,7.053,8.47362,Clear,0,1587.196,108.54,3
31.90000000000873,7.218,8.63817,Clear,0,1586.956,108.524,3
32.0,6.923,8.34259,Clear,0,1586.716,108.508,3
32.10000000000582,6.73,8.14891,Clear,0,1586.477,108.492,3
32.20000000001164,6.81,8.22767,Clear,0,1586.238,108.476,3
32.30000000000291,6.715,8.13244,Clear,0,1585.999,108.46,3
32.40000000000873,6.966,8.38301,Clear,0,1585.76,108.443,3
32.49900000001071,6.45,7.86609,Clear,0,1585.524,108.428,3
32.59900000000198,7.048,8.46273,Clear,0,1585.286,108.411,3
32.6990000000078,6.766,8.17996,Clear,0,1585.048,108.395,3
32.79899999999907,6.887,8.30065,Clear,0,1584.81,108.379,3
32.89900000000489,7.047,8.46027,Clear,0,1584.573,108.363,3
32.99900000001071,7.251,8.66275,Clear,0,1584.336,108.347,3
33.10000000000582,6.786,8.19679,Clear,0,1584.096,108.33,3
33.20000000001164,6.938,8.34922,Clear,0,1583.86,108.314,3
33.30000000000291,6.791,8.20065,Clear,0,1583.623,108.298,3
33.39900000000489,6.89,8.29938,Clear,0,1583.39,108.282,3
33.49900000001071,6.927,8.33469,Clear,0,1583.154,108.266,3
33.59900000000198,7.019,8.42737,Clear,0,1582.918,108.25,3
33.6990000000078,6.783,8.19025,Clear,0,1582.682,108.233,3
33.79899999999907,6.597,8.0025,Clear,0,1582.447,108.217,3
33.89900000000489,6.919,8.3238,Clear,0,1582.212,108.201,3
33.99900000001071,6.849,8.25376,Clear,0,1581.977,108.185,3
34.09900000000198,7.119,8.52245,Clear,0,1581.743,108.168,3
34.1990000000078,6.893,8.29642,Clear,0,1581.509,108.152,3
34.29899999999907,6.814,8.21545,Clear,0,1581.275,108.136,3
34.39900000000489,6.897,8.29896,Clear,0,1581.041,108.12,3
34.49900000001071,6.676,8.07651,Clear,0,1580.808,108.104,3
34.59900000000198,6.924,8.3238,Clear,0,1580.574,108.087,3
34.6990000000078,6.936,8.33644,Clear,0,1580.341,108.071,3
34.79899999999907,7.212,8.6113,Clear,0,1580.109,108.055,3
34.89900000000489,6.773,8.17126,Clear,0,1579.876,108.038,3
34.99900000001071,6.711,8.10801,Clear,0,1579.644,108.022,3
35.09900000000198,6.841,8.23803,Clear,0,1579.412,108.006,3
35.1990000000078,6.917,8.31302,Clear,0,1579.18,107.99,3
35.29899999999907,6.725,8.1198,Clear,0,1578.949,107.973,3
35.39700000001176,6.894,8.28774,Clear,0,1578.722,107.957,8
35.39900000000489,6.589,7.98333,Clear,0,1578.717,107.957,3
35.49700000000303,6.938,8.33162,Clear,0,1578.491,107.941,8
35.49900000001071,6.696,8.0904,Clear,0,1578.486,107.941,3
35.59700000000885,6.607,8.00003,Clear,0,1578.26,107.925,8
35.59900000000198,6.849,8.24164,Clear,0,1578.255,107.924,3
35.697000000000116,6.785,8.17692,Clear,0,1578.03,107.908,8
35.6990000000078,7.022,8.41363,Clear,0,1578.025,107.908,3
35.79700000000594,6.987,8.37785,Clear,0,1577.799,107.892,8
35.79899999999907,6.856,8.24728,Clear,0,1577.795,107.892,3
35.89700000001176,7.116,8.50704,Clear,0,1577.569,107.876,8
35.89900000000489,6.627,8.01841,Clear,0,1577.565,107.875,3
35.99700000000303,6.947,8.33688,Clear,0,1577.339,107.859,8
35.99900000001071,7.002,8.3922,Clear,0,1577.335,107.859,3
36.09700000000885,6.596,7.9847,Clear,0,1577.11,107.843,8
36.09900000000198,6.807,8.19563,Clear,0,1577.105,107.843,3
36.1990000000078,6.949,8.33732,Clear,0,1576.876,107.826,3
36.29700000000594,6.707,8.09537,Clear,0,1576.652,107.81,8
36.29899999999907,6.807,8.19486,Clear,0,1576.647,107.81,3
36.39700000001176,6.806,8.19273,Clear,0,1576.423,107.794,8
36.39900000000489,6.861,8.24808,Clear,0,1576.418,107.794,3
36.49900000001071,6.571,7.95737,Clear,0,1576.19,107.777,3
36.59700000000885,6.516,7.90081,Clear,0,1575.966,107.761,8
36.59900000000198,6.844,8.22926,Clear,0,1575.961,107.761,3
36.6990000000078,6.787,8.17164,Clear,0,1575.733,107.745,3
36.79700000000594,7.063,8.44713,Clear,0,1575.51,107.729,8
36.79899999999907,6.633,8.01657,Clear,0,1575.506,107.728,3
36.89700000001176,7.232,8.61529,Clear,0,1575.283,107.712,8
36.89900000000489,6.828,8.21083,Clear,0,1575.278,107.712,3
36.99700000000303,6.625,8.00708,Clear,0,1575.055,107.696,8
36.99900000001071,6.87,8.25164,Clear,0,1575.051,107.695,3
37.09700000000885,6.904,8.28591,Clear,0,1574.828,107.679,8
37.09900000000198,7.071,8.45291,Clear,0,1574.824,107.679,3
37.197000000000116,7.011,8.39237,Clear,0,1574.601,107.663,8
37.1990000000078,7.187,8.56817,Clear,0,1574.597,107.663,3
37.29700000000594,7.224,8.60421,Clear,0,1574.375,107.647,8
37.29899999999907,6.811,8.19079,Clear,0,1574.37,107.646,3
37.39700000001176,6.706,8.08583,Clear,0,1574.149,107.63,8
37.39900000000489,6.616,7.99628,Clear,0,1574.144,107.63,3
37.49700000000303,6.886,8.2651,Clear,0,1573.922,107.614,8
37.49900000001071,6.864,8.24319,Clear,0,1573.918,107.613,3
37.59700000000885,6.842,8.21947,Clear,0,1573.697,107.597,8
37.59900000000198,6.74,8.11843,Clear,0,1573.692,107.597,3
37.6990000000078,6.663,8.03991,Clear,0,1573.467,107.581,3
37.79700000000594,6.914,8.29095,Clear,0,1573.246,107.565,8
37.79899999999907,6.572,7.94852,Clear,0,1573.241,107.564,3
37.89700000001176,6.657,8.03282,Clear,0,1573.021,107.548,8
37.89900000000489,6.944,8.31953,Clear,0,1573.016,107.548,3
37.99700000000303,6.737,8.11197,Clear,0,1572.796,107.532,8
37.99900000001071,6.939,8.31353,Clear,0,1572.791,107.531,3
38.09700000000885,7.055,8.42926,Clear,0,1572.571,107.515,8
38.09900000000198,7.117,8.49099,Clear,0,1572.567,107.515,3
38.197000000000116,6.94,8.31414,Clear,0,1572.347,107.499,8
38.1990000000078,6.874,8.24801,Clear,0,1572.343,107.498,3
38.29700000000594,7.215,8.58841,Clear,0,1572.123,107.482,8
38.29899999999907,7.102,8.475,Clear,0,1572.119,107.482,3
38.39700000001176,6.681,8.05327,Clear,0,1571.899,107.466,8
38.39900000000489,7.012,8.38417,Clear,0,1571.895,107.465,3
38.49700000000303,6.866,8.23723,Clear,0,1571.676,107.449,8
38.49900000001071,7.149,8.51955,Clear,0,1571.671,107.449,3
38.59700000000885,7.145,8.51604,Clear,0,1571.452,107.433,8
38.59900000000198,7.265,8.63561,Clear,0,1571.448,107.433,3
38.697000000000116,6.739,8.10886,Clear,0,1571.229,107.416,8
38.6990000000078,6.88,8.25002,Clear,0,1571.225,107.416,3
38.79700000000594,6.789,8.15808,Clear,0,1571.007,107.4,8
38.79899999999907,6.913,8.28235,Clear,0,1571.002,107.4,3
38.89700000001176,6.839,8.20708,Clear,0,1570.784,107.383,8
38.89900000000489,7.026,8.39426,Clear,0,1570.78,107.383,3
38.99700000000303,7.024,8.39237,Clear,0,1570.562,107.367,8
38.99900000001071,6.674,8.04157,Clear,0,1570.557,107.367,3
39.09700000000885,7.282,8.64859,Clear,0,1570.34,107.35,8
39.09900000000198,6.703,8.06955,Clear,0,1570.335,107.35,3
39.1990000000078,6.984,8.35004,Clear,0,1570.113,107.334,3
39.29899999999907,7.068,8.43364,Clear,0,1569.892,107.317,3
39.39700000001176,7.223,8.58841,Clear,0,1569.675,107.301,8
39.39900000000489,7.372,8.73679,Clear,0,1569.671,107.301,3
39.49700000000303,7.216,8.57999,Clear,0,1569.454,107.284,8
39.49900000001071,6.621,7.98485,Clear,0,1569.45,107.284,3
39.59700000000885,7.346,8.70892,Clear,0,1569.233,107.268,8
39.59900000000198,6.759,8.12237,Clear,0,1569.229,107.268,3
39.6990000000078,6.907,8.27037,Clear,0,1569.008,107.251,3
39.79700000000594,7.168,8.52967,Clear,0,1568.792,107.235,8
39.79899999999907,6.909,8.27119,Clear,0,1568.788,107.234,3
39.89700000001176,7.048,8.40912,Clear,0,1568.572,107.218,8
39.89900000000489,7.092,8.45339,Clear,0,1568.568,107.218,3
39.99700000000303,7.122,8.48213,Clear,0,1568.353,107.202,8
39.99900000001071,7.116,8.47599,Clear,0,1568.348,107.201,3
40.09700000000885,7.094,8.45404,Clear,0,1568.133,107.185,8
40.09900000000198,7.159,8.51852,Clear,0,1568.129,107.185,3
40.197000000000116,7.113,8.47178,Clear,0,1567.914,107.169,8
40.1990000000078,7.05,8.40909,Clear,0,1567.909,107.168,3
40.29700000000594,7.245,8.60299,Clear,0,1567.695,107.152,8
40.29899999999907,7.482,8.84002,Clear,0,1567.69,107.152,3
40.39700000001176,7.213,8.57104,Clear,0,1567.476,107.136,8
40.39900000000489,7.233,8.5911,Clear,0,1567.472,107.135,3
40.49700000000303,7.108,8.4653,Clear,0,1567.258,107.119,8
40.49900000001071,6.802,8.15845,Clear,0,1567.253,107.119,3
40.59900000000198,6.927,8.28277,Clear,0,1567.035,107.102,3
40.697000000000116,7.035,8.39035,Clear,0,1566.821,107.086,8
40.6990000000078,7.036,8.39058,Clear,0,1566.817,107.085,3
40.79700000000594,7.215,8.56986,Clear,0,1566.603,107.069,8
40.79899999999907,7.012,8.36742,Clear,0,1566.599,107.069,3
40.89700000001176,6.957,8.31133,Clear,0,1566.386,107.053,8
40.89900000000489,6.96,8.31396,Clear,0,1566.382,107.052,3
40.99700000000303,7.016,8.36894,Clear,0,1566.169,107.036,8
40.99900000001071,7.196,8.54941,Clear,0,1566.164,107.036,3
41.197000000000116,6.825,8.17733,Clear,0,1565.735,107.003,8
41.29700000000594,6.704,8.05512,Clear,0,1565.519,106.986,8
41.39900000000489,7.083,8.43316,Clear,0,1565.298,106.969,3
41.49700000000303,7.045,8.39489,Clear,0,1565.086,106.953,8
41.49900000001071,7.114,8.46414,Clear,0,1565.082,106.953,3
41.59700000000885,7.112,8.46046,Clear,0,1564.871,106.936,8
41.59900000000198,6.844,8.19308,Clear,0,1564.866,106.936,3
41.697000000000116,7.004,8.3523,Clear,0,1564.655,106.92,8
41.6990000000078,7.036,8.38417,Clear,0,1564.651,106.919,3
41.79700000000594,7.067,8.41374,Clear,0,1564.44,106.903,8
41.89700000001176,6.903,8.24953,Clear,0,1564.225,106.886,8
41.99700000000303,6.992,8.33783,Clear,0,1564.01,106.87,8
41.99900000001071,7.073,8.41894,Clear,0,1564.006,106.869,3
42.09700000000885,7.382,8.72728,Clear,0,1563.796,106.853,8
42.09900000000198,6.953,8.29783,Clear,0,1563.792,106.853,3
42.1990000000078,7.228,8.57195,Clear,0,1563.577,106.836,3
42.29700000000594,6.959,8.30294,Clear,0,1563.368,106.82,8
42.39700000001176,7.474,8.81734,Clear,0,1563.154,106.803,8
42.39900000000489,6.898,8.24119,Clear,0,1563.15,106.803,3
42.49700000000303,6.663,8.00531,Clear,0,1562.941,106.786,8
42.49900000001071,6.917,8.25893,Clear,0,1562.936,106.786,3
42.59700000000885,6.901,8.24249,Clear,0,1562.727,106.77,8
42.59900000000198,7.127,8.46857,Clear,0,1562.723,106.769,3
42.6990000000078,7.102,8.44275,Clear,0,1562.51,106.753,3
42.79700000000594,7.236,8.5764,Clear,0,1562.302,106.736,8
42.89700000001176,7.188,8.52739,Clear,0,1562.089,106.72,8
42.89900000000489,7.053,8.3915,Clear,0,1562.085,106.719,3
42.99700000000303,7.61,8.94867,Clear,0,1561.877,106.703,8
42.99900000001071,7.214,8.55314,Clear,0,1561.873,106.703,3
43.09900000000198,7.069,8.40676,Clear,0,1561.661,106.686,3
43.1990000000078,7.108,8.44468,Clear,0,1561.449,106.669,3
43.29700000000594,6.859,8.19609,Clear,0,1561.242,106.653,8
43.29899999999907,7.273,8.61004,Clear,0,1561.238,106.653,3
43.39700000001176,7.416,8.75226,Clear,0,1561.031,106.636,8
43.39900000000489,7.076,8.41236,Clear,0,1561.027,106.636,3
43.49700000000303,6.984,8.31884,Clear,0,1560.82,106.619,8
43.49900000001071,6.871,8.20617,Clear,0,1560.816,106.619,3
43.697000000000116,6.68,8.01379,Clear,0,1560.399,106.586,8
43.6990000000078,7.473,8.80653,Clear,0,1560.395,106.586,3
43.79700000000594,7.168,8.50092,Clear,0,1560.189,106.569,8
43.79899999999907,7.37,8.70262,Clear,0,1560.185,106.569,3
43.89900000000489,6.699,8.03131,Clear,0,1559.975,106.552,3
43.99900000001071,7.453,8.78454,Clear,0,1559.766,106.535,3
44.09700000000885,7.099,8.42973,Clear,0,1559.56,106.519,8
44.09900000000198,6.851,8.18242,Clear,0,1559.556,106.519,3
44.197000000000116,7.272,8.60189,Clear,0,1559.351,106.502,8
44.29899999999907,7.09,8.41847,Clear,0,1559.138,106.485,3
44.39700000001176,7.24,8.56876,Clear,0,1558.934,106.469,8
44.39900000000489,7.021,8.35004,Clear,0,1558.93,106.468,3
44.49700000000303,6.995,8.32246,Clear,0,1558.726,106.452,8
44.49900000001071,7.154,8.48197,Clear,0,1558.722,106.452,3
44.59700000000885,6.695,8.02164,Clear,0,1558.518,106.435,8
44.697000000000116,7.04,8.36686,Clear,0,1558.31,106.418,8
44.6990000000078,7.05,8.37735,Clear,0,1558.306,106.418,3
44.79899999999907,7.084,8.40956,Clear,0,1558.098,106.401,3
44.89700000001176,6.987,8.31211,Clear,0,1557.895,106.385,8
44.89900000000489,6.905,8.22965,Clear,0,1557.891,106.385,3
44.99700000000303,7.149,8.4734,Clear,0,1557.688,106.368,8
44.99900000001071,7.416,8.73995,Clear,0,1557.684,106.368,3
45.09700000000885,7.136,8.4599,Clear,0,1557.481,106.351,8
45.09900000000198,7.214,8.53831,Clear,0,1557.477,106.351,3
45.197000000000116,7.157,8.47994,Clear,0,1557.275,106.334,8
45.1990000000078,7.009,8.33207,Clear,0,1557.271,106.334,3
45.29700000000594,7.328,8.65005,Clear,0,1557.069,106.318,8
45.29899999999907,7.005,8.3273,Clear,0,1557.064,106.317,3
45.39700000001176,6.84,8.16146,Clear,0,1556.863,106.301,8
45.49700000000303,7.062,8.38324,Clear,0,1556.657,106.284,8
45.59700000000885,6.878,8.19795,Clear,0,1556.451,106.267,8
45.59900000000198,6.972,8.29195,Clear,0,1556.447,106.267,3
45.697000000000116,7.016,8.33483,Clear,0,1556.246,106.25,8
45.6990000000078,7.486,8.80518,Clear,0,1556.242,106.25,3
45.79700000000594,7.033,8.3517,Clear,0,1556.041,106.233,8
45.79899999999907,7.03,8.34872,Clear,0,1556.037,106.233,3
45.89700000001176,7.023,8.34106,Clear,0,1555.836,106.217,8
45.89900000000489,7.031,8.34916,Clear,0,1555.832,106.216,3
45.99700000000303,6.938,8.25508,Clear,0,1555.632,106.2,8
45.99900000001071,6.97,8.28735,Clear,0,1555.628,106.199,3
46.09700000000885,7.113,8.43025,Clear,0,1555.428,106.183,8
46.09900000000198,6.864,8.18091,Clear,0,1555.424,106.183,3
46.197000000000116,7.243,8.55931,Clear,0,1555.224,106.166,8
46.1990000000078,6.88,8.19577,Clear,0,1555.22,106.166,3
46.39700000001176,6.944,8.25775,Clear,0,1554.817,106.132,8
46.49700000000303,6.88,8.19416,Clear,0,1554.614,106.115,8
46.59700000000885,7.01,8.32246,Clear,0,1554.411,106.099,8
46.79700000000594,7.069,8.38074,Clear,0,1554.006,106.065,8
46.89700000001176,6.799,8.10971,Clear,0,1553.804,106.048,8
46.89900000000489,7.366,8.67719,Clear,0,1553.8,106.048,3
46.99900000001071,7.088,8.39756,Clear,0,1553.598,106.031,3
47.09700000000885,6.936,8.24491,Clear,0,1553.4,106.014,8
47.09900000000198,7.136,8.4454,Clear,0,1553.396,106.014,3
47.29700000000594,7.15,8.45776,Clear,0,1552.998,105.98,8
47.39700000001176,7.145,8.45241,Clear,0,1552.797,105.963,8
47.39900000000489,7.133,8.44008,Clear,0,1552.793,105.963,3
47.49700000000303,7.073,8.38024,Clear,0,1552.597,105.946,8
47.49900000001071,7.171,8.47834,Clear,0,1552.593,105.946,3
47.59700000000885,6.853,8.15902,Clear,0,1552.396,105.93,8
47.59900000000198,7.32,8.62567,Clear,0,1552.392,105.929,3
47.79700000000594,7.064,8.36933,Clear,0,1551.997,105.896,8
47.89700000001176,7.094,8.39835,Clear,0,1551.797,105.879,8
47.89900000000489,7.162,8.46642,Clear,0,1551.793,105.878,3
47.99900000001071,6.915,8.21814,Clear,0,1551.594,105.861,3
48.09700000000885,7.364,8.6655,Clear,0,1551.399,105.845,8
48.09900000000198,6.654,7.95625,Clear,0,1551.395,105.845,3
48.197000000000116,6.826,8.12774,Clear,0,1551.2,105.828,8
48.1990000000078,7.157,8.45855,Clear,0,1551.196,105.828,3
48.39700000001176,7.163,8.4627,Clear,0,1550.804,105.794,8
48.39900000000489,7.45,8.7497,Clear,0,1550.8,105.794,3
48.49700000000303,7.007,8.30655,Clear,0,1550.606,105.777,8
48.49900000001071,6.935,8.23517,Clear,0,1550.602,105.777,3
48.59700000000885,7.301,8.59958,Clear,0,1550.408,105.76,8
48.59900000000198,6.858,8.15704,Clear,0,1550.404,105.76,3
48.697000000000116,6.676,7.97346,Clear,0,1550.21,105.743,8
48.79700000000594,7.179,8.47607,Clear,0,1550.013,105.726,8
48.89700000001176,6.861,8.15835,Clear,0,1549.816,105.709,8
48.99900000001071,7.207,8.50308,Clear,0,1549.616,105.692,3
49.09700000000885,7.2,8.49451,Clear,0,1549.423,105.675,8
49.197000000000116,7.43,8.72468,Clear,0,1549.227,105.658,8
49.39700000001176,7.014,8.30701,Clear,0,1548.836,105.624,8
49.39900000000489,7.093,8.38603,Clear,0,1548.832,105.624,3
49.49700000000303,7.568,8.86071,Clear,0,1548.641,105.607,8
49.59700000000885,7.271,8.56284,Clear,0,1548.446,105.59,8
49.59900000000198,7.014,8.30564,Clear,0,1548.442,105.59,3
49.697000000000116,7.06,8.3507,Clear,0,1548.251,105.573,8
49.6990000000078,7.072,8.3629,Clear,0,1548.247,105.573,3
49.79700000000594,7.437,8.72739,Clear,0,1548.056,105.556,8
49.79899999999907,7.357,8.64704,Clear,0,1548.052,105.556,3
49.89700000001176,7.048,8.33783,Clear,0,1547.862,105.539,8
49.99700000000303,6.976,8.26457,Clear,0,1547.668,105.522,8
50.09700000000885,7.351,8.63887,Clear,0,1547.474,105.505,8
50.09900000000198,7.31,8.59746,Clear,0,1547.47,105.505,3
50.1990000000078,7.083,8.37101,Clear,0,1547.277,105.487,3
50.29700000000594,7.37,8.65715,Clear,0,1547.088,105.471,8
50.39700000001176,7.164,8.44949,Clear,0,1546.895,105.454,8
50.49700000000303,6.974,8.25971,Clear,0,1546.702,105.437,8
50.49900000001071,7.32,8.60641,Clear,0,1546.698,105.436,3
50.59700000000885,6.903,8.18807,Clear,0,1546.51,105.42,8
50.697000000000116,7.333,8.61721,Clear,0,1546.317,105.403,8
50.6990000000078,6.954,8.23796,Clear,0,1546.314,105.402,3
50.79700000000594,7.23,8.5144,Clear,0,1546.126,105.385,8
50.89700000001176,7.588,8.87072,Clear,0,1545.934,105.368,8
50.99700000000303,7.131,8.41335,Clear,0,1545.743,105.351,8
51.09700000000885,7.112,8.39273,Clear,0,1545.551,105.334,8
51.197000000000116,7.072,8.35262,Clear,0,1545.361,105.317,8
51.29700000000594,6.994,8.27391,Clear,0,1545.17,105.3,8
51.29899999999907,7.237,8.51696,Clear,0,1545.166,105.3,3
51.39700000001176,7.199,8.47768,Clear,0,1544.98,105.283,8
51.49700000000303,7.237,8.51551,Clear,0,1544.79,105.266,8
51.59700000000885,7.132,8.4098,Clear,0,1544.6,105.249,8
51.697000000000116,7.301,8.5781,Clear,0,1544.41,105.232,8
51.6990000000078,6.882,8.15853,Clear,0,1544.407,105.231,3
51.79700000000594,7.1,8.37739,Clear,0,1544.221,105.214,8
51.89700000001176,7.054,8.33028,Clear,0,1544.032,105.197,8
51.99700000000303,7.137,8.41183,Clear,0,1543.843,105.18,8
52.29700000000594,7.159,8.4323,Clear,0,1543.279,105.129,8
52.49700000000303,6.943,8.2148,Clear,0,1542.904,105.094,8
52.697000000000116,6.919,8.18931,Clear,0,1542.53,105.06,8
52.79700000000594,7.059,8.32934,Clear,0,1542.343,105.043,8
53.197000000000116,6.972,8.23875,Clear,0,1541.599,104.974,8
53.29700000000594,7.163,8.42869,Clear,0,1541.414,104.957,8
53.49700000000303,7.075,8.3402,Clear,0,1541.044,104.923,8
53.59700000000885,7.057,8.32091,Clear,0,1540.86,104.905,8
53.697000000000116,7.03,8.29374,Clear,0,1540.676,104.888,8
53.79700000000594,6.869,8.13217,Clear,0,1540.492,104.871,8
53.89700000001176,7.307,8.56868,Clear,0,1540.308,104.854,8
53.99700000000303,7.175,8.43645,Clear,0,1540.125,104.836,8
54.09700000000885,7.16,8.42048,Clear,0,1539.942,104.819,8
54.197000000000116,6.763,8.02265,Clear,0,1539.759,104.802,8
54.29700000000594,7.051,8.30978,Clear,0,1539.576,104.785,8
54.39700000001176,6.97,8.22885,Clear,0,1539.394,104.768,8
54.49700000000303,7.289,8.54664,Clear,0,1539.212,104.75,8
54.59700000000885,7.367,8.62397,Clear,0,1539.03,104.733,8
54.697000000000116,6.965,8.22244,Clear,0,1538.848,104.716,8
54.79700000000594,7.263,8.51886,Clear,0,1538.667,104.699,8
54.99700000000303,7.146,8.40123,Clear,0,1538.305,104.664,8
55.09700000000885,7.06,8.31347,Clear,0,1538.125,104.647,8
55.29700000000594,7.204,8.45687,Clear,0,1537.765,104.612,8
55.39700000001176,7.089,8.34115,Clear,0,1537.585,104.595,8
55.40100000001257,7.142,8.39438,Clear,0,1537.578,104.594,5
55.49700000000303,7.339,8.58998,Clear,0,1537.406,104.578,8
55.50100000000384,7.084,8.33492,Clear,0,1537.399,104.577,5
55.59700000000885,7.196,8.44739,Clear,0,1537.227,104.56,8
55.60100000000966,6.903,8.1541,Clear,0,1537.22,104.56,5
55.697000000000116,6.864,8.11429,Clear,0,1537.048,104.543,8
55.70100000000093,7.375,8.62506,Clear,0,1537.041,104.542,5
55.79700000000594,7.203,8.45212,Clear,0,1536.869,104.526,8
55.80100000000675,7.397,8.6459,Clear,0,1536.862,104.525,5
55.89700000001176,7.075,8.32371,Clear,0,1536.691,104.508,8
55.90100000001257,7.298,8.54668,Clear,0,1536.684,104.508,5
55.99700000000303,7.097,8.34448,Clear,0,1536.513,104.491,8
56.00100000000384,7.422,8.67014,Clear,0,1536.506,104.49,5
56.09700000000885,7.082,8.32934,Clear,0,1536.335,104.474,8
56.197000000000116,7.521,8.76816,Clear,0,1536.158,104.456,8
56.29700000000594,6.944,8.19013,Clear,0,1535.98,104.439,8
56.30100000000675,7.174,8.41996,Clear,0,1535.973,104.438,5
56.39700000001176,6.968,8.21311,Clear,0,1535.803,104.422,8
56.50100000000384,7.327,8.57145,Clear,0,1535.62,104.404,5
56.59700000000885,6.917,8.16076,Clear,0,1535.45,104.387,8
56.60100000000966,7.181,8.4246,Clear,0,1535.443,104.386,5
56.697000000000116,7.182,8.42458,Clear,0,1535.274,104.37,8
56.70100000000093,7.294,8.53683,Clear,0,1535.267,104.369,5
56.79700000000594,7.158,8.40123,Clear,0,1535.098,104.352,8
56.89700000001176,7.214,8.45634,Clear,0,1534.923,104.335,8
56.90100000001257,7.239,8.48098,Clear,0,1534.916,104.334,5
56.99700000000303,7.26,8.50055,Clear,0,1534.747,104.318,8
57.00100000000384,7.298,8.53889,Clear,0,1534.74,104.317,5
57.09700000000885,7.099,8.3402,Clear,0,1534.572,104.3,8
57.10100000000966,7.471,8.7124,Clear,0,1534.565,104.3,5
57.20100000000093,7.329,8.56932,Clear,0,1534.39,104.282,5
57.29700000000594,6.915,8.15354,Clear,0,1534.223,104.266,8
57.39700000001176,7.246,8.48471,Clear,0,1534.048,104.248,8
57.49700000000303,6.945,8.18272,Clear,0,1533.874,104.231,8
57.59700000000885,7.31,8.54721,Clear,0,1533.701,104.213,8
57.60100000000966,7.278,8.51536,Clear,0,1533.694,104.213,5
57.697000000000116,7.133,8.36956,Clear,0,1533.527,104.196,8
57.70100000000093,7.134,8.36968,Clear,0,1533.52,104.195,5
57.80100000000675,7.607,8.84248,Clear,0,1533.347,104.178,5
57.89700000001176,7.193,8.42818,Clear,0,1533.181,104.161,8
57.90100000001257,7.455,8.69017,Clear,0,1533.174,104.161,5
58.00100000000384,7.192,8.426,Clear,0,1533.002,104.143,5
58.197000000000116,7.086,8.31858,Clear,0,1532.664,104.109,8
58.29700000000594,7.183,8.41589,Clear,0,1532.492,104.092,8
58.30100000000675,7.142,8.37367,Clear,0,1532.485,104.091,5
58.40100000001257,6.987,8.21907,Clear,0,1532.314,104.074,5
58.49700000000303,7.242,8.47284,Clear,0,1532.149,104.057,8
58.59700000000885,7.371,8.602,Clear,0,1531.978,104.039,8
58.60100000000966,7.328,8.5582,Clear,0,1531.971,104.039,5
58.697000000000116,6.935,8.1652,Clear,0,1531.808,104.022,8
58.70100000000093,7.523,8.75321,Clear,0,1531.801,104.021,5
58.89700000001176,7.302,8.53068,Clear,0,1531.467,103.987,8
59.00100000000384,7.517,8.74505,Clear,0,1531.29,103.969,5
59.09700000000885,7.142,8.36858,Clear,0,1531.127,103.952,8
59.10100000000966,7.092,8.31867,Clear,0,1531.12,103.951,5
59.197000000000116,7.205,8.43179,Clear,0,1530.958,103.935,8
59.20100000000093,7.115,8.34128,Clear,0,1530.951,103.934,5
59.29700000000594,7.142,8.36761,Clear,0,1530.789,103.917,8
59.39700000001176,7.016,8.24135,Clear,0,1530.62,103.9,8
59.50100000000384,7.407,8.63228,Clear,0,1530.445,103.882,5
59.60100000000966,7.431,8.65449,Clear,0,1530.276,103.864,5
59.70100000000093,7.424,8.64704,Clear,0,1530.108,103.847,5
59.79700000000594,7.122,8.34496,Clear,0,1529.947,103.83,8
59.89700000001176,7.097,8.31905,Clear,0,1529.78,103.812,8
59.90100000001257,7.29,8.51232,Clear,0,1529.773,103.812,5
59.99700000000303,7.747,8.9678,Clear,0,1529.612,103.795,8
60.09700000000885,7.275,8.49561,Clear,0,1529.446,103.777,8
60.10100000000966,7.447,8.66839,Clear,0,1529.439,103.777,5
60.197000000000116,6.922,8.14162,Clear,0,1529.279,103.76,8
60.20100000000093,7.342,8.56242,Clear,0,1529.272,103.759,5
60.29700000000594,6.93,8.14876,Clear,0,1529.112,103.742,8
60.30100000000675,7.452,8.67131,Clear,0,1529.106,103.742,5
60.39700000001176,7.213,8.4323,Clear,0,1528.946,103.725,8
60.40100000001257,7.096,8.31529,Clear,0,1528.94,103.724,5
60.59700000000885,7.186,8.40324,Clear,0,1528.615,103.69,8
60.60100000000966,6.953,8.1701,Clear,0,1528.608,103.689,5
60.697000000000116,7.514,8.73135,Clear,0,1528.45,103.672,8
60.79700000000594,7.018,8.23444,Clear,0,1528.285,103.655,8
60.89700000001176,7.057,8.27204,Clear,0,1528.12,103.637,8
60.99700000000303,7.245,8.46032,Clear,0,1527.955,103.62,8
61.00100000000384,7.084,8.299,Clear,0,1527.949,103.619,5
61.09700000000885,7.046,8.25996,Clear,0,1527.791,103.602,8
61.10100000000966,7.091,8.30524,Clear,0,1527.785,103.602,5
61.29700000000594,7.184,8.39689,Clear,0,1527.463,103.567,8
61.30100000000675,7.132,8.34474,Clear,0,1527.457,103.567,5
61.40100000001257,7.083,8.29445,Clear,0,1527.294,103.549,5
61.49700000000303,7.369,8.5796,Clear,0,1527.137,103.532,8
61.50100000000384,7.141,8.35212,Clear,0,1527.13,103.531,5
61.59700000000885,7.326,8.53683,Clear,0,1526.974,103.515,8
61.60100000000966,7.569,8.78,Clear,0,1526.968,103.514,5
61.697000000000116,7.092,8.30217,Clear,0,1526.812,103.497,8
61.70100000000093,7.003,8.21254,Clear,0,1526.805,103.496,5
61.79700000000594,7.253,8.46193,Clear,0,1526.649,103.48,8
61.80100000000675,7.345,8.554,Clear,0,1526.643,103.479,5
61.89700000001176,7.133,8.34224,Clear,0,1526.487,103.462,8
61.99700000000303,6.978,8.18639,Clear,0,1526.325,103.444,8
62.00100000000384,7.743,8.95104,Clear,0,1526.319,103.444,5
62.09700000000885,7.298,8.50457,Clear,0,1526.164,103.427,8
62.10100000000966,7.261,8.4683,Clear,0,1526.158,103.426,5
62.20100000000093,7.204,8.41118,Clear,0,1525.996,103.409,5
62.29700000000594,7.509,8.71498,Clear,0,1525.842,103.392,8
62.30100000000675,7.223,8.4288,Clear,0,1525.835,103.391,5
62.39700000001176,7.285,8.49072,Clear,0,1525.681,103.374,8
62.40100000001257,7.353,8.5582,Clear,0,1525.675,103.373,5
62.60100000000966,7.63,8.83362,Clear,0,1525.354,103.338,5
62.70100000000093,6.89,8.09436,Clear,0,1525.194,103.321,5
62.79700000000594,6.852,8.05527,Clear,0,1525.041,103.304,8
62.80100000000675,7.285,8.48787,Clear,0,1525.035,103.303,5
62.89700000001176,7.178,8.37986,Clear,0,1524.882,103.286,8
62.90100000001257,7.161,8.36306,Clear,0,1524.876,103.285,5
62.99700000000303,7.371,8.57245,Clear,0,1524.723,103.269,8
63.00100000000384,7.323,8.5245,Clear,0,1524.717,103.268,5
63.09700000000885,7.265,8.46569,Clear,0,1524.564,103.251,8
63.10100000000966,7.513,8.71422,Clear,0,1524.558,103.25,5
63.197000000000116,7.37,8.56949,Clear,0,1524.406,103.233,8
63.20100000000093,7.259,8.45865,Clear,0,1524.4,103.233,5
63.29700000000594,7.219,8.41934,Clear,0,1524.248,103.216,8
63.30100000000675,7.222,8.42228,Clear,0,1524.241,103.215,5
63.40100000001257,7.313,8.51182,Clear,0,1524.083,103.197,5
63.49700000000303,7.214,8.41215,Clear,0,1523.932,103.18,8
63.59700000000885,7.37,8.56772,Clear,0,1523.775,103.163,8
63.60100000000966,7.127,8.32502,Clear,0,1523.768,103.162,5
63.697000000000116,7.279,8.47596,Clear,0,1523.618,103.145,8
63.70100000000093,6.816,8.01299,Clear,0,1523.611,103.144,5
63.89700000001176,7.518,8.71362,Clear,0,1523.304,103.11,8
64.00100000000384,7.437,8.63172,Clear,0,1523.142,103.092,5
64.09700000000885,6.962,8.15684,Clear,0,1522.992,103.075,8
64.10100000000966,7.75,8.94425,Clear,0,1522.986,103.074,5
64.19700000000012,7.259,8.45285,Clear,0,1522.836,103.057,8
64.20100000000093,7.686,8.88007,Clear,0,1522.83,103.056,5
64.29700000000594,7.211,8.40398,Clear,0,1522.681,103.039,8
64.30100000000675,7.445,8.63793,Clear,0,1522.675,103.039,5
64.39700000001176,7.337,8.52996,Clear,0,1522.526,103.022,8
64.49700000000303,6.756,7.94761,Clear,0,1522.371,103.004,8
64.50100000000384,7.168,8.35999,Clear,0,1522.365,103.003,5
64.59700000000885,6.759,7.94995,Clear,0,1522.216,102.986,8
64.60100000000966,7.47,8.66084,Clear,0,1522.21,102.986,5
64.69700000000012,7.624,8.81488,Clear,0,1522.062,102.969,8
64.80100000000675,7.037,8.22719,Clear,0,1521.902,102.95,5
64.89700000001176,7.138,8.3265,Clear,0,1521.754,102.933,8
64.99700000000303,6.927,8.11632,Clear,0,1521.601,102.916,8
65.00100000000384,7.126,8.31487,Clear,0,1521.595,102.915,5
65.09700000000885,7.246,8.4344,Clear,0,1521.448,102.898,8
65.10100000000966,7.198,8.38618,Clear,0,1521.442,102.897,5
65.19700000000012,7.049,8.23618,Clear,0,1521.295,102.88,8
65.29700000000594,7.357,8.54433,Clear,0,1521.142,102.862,8
65.30100000000675,7.085,8.27156,Clear,0,1521.136,102.862,5
65.39700000001176,6.926,8.11165,Clear,0,1520.99,102.845,8
65.49700000000303,6.807,7.99295,Clear,0,1520.838,102.827,8
65.50100000000384,7.034,8.21984,Clear,0,1520.832,102.826,5
65.69700000000012,7.314,8.4979,Clear,0,1520.534,102.792,8
65.70100000000093,6.885,8.06924,Clear,0,1520.528,102.791,5
65.80100000000675,7.5,8.68424,Clear,0,1520.377,102.773,5
65.90100000001257,7.545,8.72768,Clear,0,1520.226,102.756,5
65.99700000000303,7.022,8.20442,Clear,0,1520.081,102.738,8
66.00100000000384,7.237,8.41903,Clear,0,1520.075,102.738,5
66.10100000000966,7.169,8.35125,Clear,0,1519.925,102.72,5
66.20100000000093,7.132,8.31277,Clear,0,1519.775,102.702,5
66.29700000000594,7.277,8.45711,Clear,0,1519.631,102.685,8
66.30100000000675,7.283,8.4625,Clear,0,1519.625,102.685,5
66.40100000001257,7.669,8.84923,Clear,0,1519.475,102.667,5
66.49700000000303,7.167,8.34609,Clear,0,1519.332,102.65,8
66.50100000000384,7.156,8.33493,Clear,0,1519.326,102.649,5
66.69700000000012,7.278,8.45604,Clear,0,1519.034,102.614,8
66.70100000000093,7.313,8.49046,Clear,0,1519.028,102.614,5
66.80100000000675,7.078,8.25507,Clear,0,1518.88,102.596,5
66.89700000001176,6.768,7.94528,Clear,0,1518.737,102.579,8
66.90100000001257,6.974,8.15123,Clear,0,1518.731,102.578,5
67.00100000000384,7.435,8.61119,Clear,0,1518.584,102.56,5
67.20100000000093,7.287,8.46191,Clear,0,1518.289,102.525,5
67.30100000000675,7.748,8.9219,Clear,0,1518.141,102.507,5
67.49700000000303,7.505,8.67772,Clear,0,1517.854,102.472,8
67.50100000000384,7.535,8.70801,Clear,0,1517.848,102.471,5
67.60100000000966,7.358,8.53042,Clear,0,1517.702,102.454,5
67.69700000000012,7.244,8.41625,Clear,0,1517.562,102.437,8
67.70100000000093,6.934,8.10556,Clear,0,1517.556,102.436,5
67.79700000000594,7.047,8.21761,Clear,0,1517.416,102.419,8
67.80100000000675,7.305,8.47633,Clear,0,1517.41,102.418,5
67.99700000000303,7.381,8.55071,Clear,0,1517.126,102.383,8
68.10100000000966,7.55,8.71885,Clear,0,1516.975,102.365,5
68.19700000000012,7.269,8.43649,Clear,0,1516.836,102.348,8
68.20100000000093,7.256,8.42435,Clear,0,1516.83,102.347,5
68.29700000000594,7.133,8.30078,Clear,0,1516.692,102.33,8
68.30100000000675,7.386,8.55356,Clear,0,1516.686,102.329,5
68.40100000001257,7.495,8.66168,Clear,0,1516.542,102.311,5
68.50100000000384,7.249,8.41562,Clear,0,1516.398,102.294,5
68.60100000000966,7.283,8.44861,Clear,0,1516.255,102.276,5
68.70100000000093,7.414,8.5788,Clear,0,1516.112,102.258,5
68.79700000000594,7.044,8.20917,Clear,0,1515.974,102.241,8
68.80100000000675,7.701,8.86573,Clear,0,1515.969,102.24,5
68.99700000000303,7.071,8.23487,Clear,0,1515.69,102.205,8
69.00100000000384,6.969,8.13238,Clear,0,1515.684,102.204,5
69.09700000000885,7.541,8.70409,Clear,0,1515.547,102.187,8
69.10100000000966,7.051,8.21401,Clear,0,1515.542,102.187,5
69.19700000000012,7.051,8.21341,Clear,0,1515.406,102.169,8
69.20100000000093,7.578,8.73962,Clear,0,1515.4,102.169,5
69.30100000000675,7.112,8.27419,Clear,0,1515.259,102.151,5
69.40100000001257,7.241,8.40152,Clear,0,1515.117,102.133,5
69.50100000000384,6.913,8.07303,Clear,0,1514.976,102.115,5
69.60100000000966,7.015,8.17481,Clear,0,1514.836,102.097,5
69.69700000000012,7.34,8.49848,Clear,0,1514.701,102.08,8
69.70100000000093,7.106,8.26459,Clear,0,1514.695,102.079,5
69.80100000000675,7.199,8.35812,Clear,0,1514.555,102.062,5
69.90100000001257,7.156,8.31347,Clear,0,1514.416,102.044,5
70.20100000000093,7.078,8.23357,Clear,0,1513.998,101.99,5
70.30100000000675,7.51,8.66455,Clear,0,1513.859,101.972,5
70.50100000000384,7.446,8.60029,Clear,0,1513.583,101.936,5
70.60100000000966,7.016,8.16969,Clear,0,1513.445,101.919,5
70.70100000000093,7.392,8.54476,Clear,0,1513.307,101.901,5
70.80100000000675,7.441,8.59272,Clear,0,1513.17,101.883,5
70.90100000001257,7.263,8.4147,Clear,0,1513.033,101.865,5
71.00100000000384,7.022,8.17261,Clear,0,1512.896,101.847,5
71.20100000000093,7.676,8.82627,Clear,0,1512.624,101.811,5
71.30100000000675,7.351,8.50031,Clear,0,1512.488,101.793,5
71.40100000001257,7.118,8.26698,Clear,0,1512.352,101.775,5
71.50100000000384,7.241,8.38894,Clear,0,1512.217,101.757,5
71.60100000000966,7.145,8.29243,Clear,0,1512.082,101.74,5
71.70100000000093,7.632,8.7792,Clear,0,1511.947,101.722,5
71.80100000000675,7.141,8.28713,Clear,0,1511.813,101.704,5
71.90100000001257,7.256,8.40242,Clear,0,1511.679,101.686,5
72.00100000000384,7.521,8.6657,Clear,0,1511.545,101.668,5
72.10100000000966,7.332,8.47633,Clear,0,1511.411,101.65,5
72.20100000000093,7.11,8.2535,Clear,0,1511.278,101.632,5
72.30100000000675,7.25,8.39252,Clear,0,1511.145,101.614,5
72.40100000001257,7.436,8.57933,Clear,0,1511.012,101.596,5
72.50100000000384,7.1,8.24212,Clear,0,1510.879,101.578,5
72.60100000000966,6.924,8.06538,Clear,0,1510.747,101.56,5
72.70100000000093,7.054,8.19479,Clear,0,1510.615,101.542,5
72.80100000000675,7.463,8.60246,Clear,0,1510.484,101.524,5
72.90100000001257,7.216,8.35595,Clear,0,1510.352,101.506,5
73.00100000000384,7.095,8.23357,Clear,0,1510.221,101.488,5
73.10100000000966,7.215,8.35292,Clear,0,1510.091,101.47,5
73.20100000000093,7.338,8.47633,Clear,0,1509.96,101.452,5
73.40100000001257,7.478,8.61449,Clear,0,1509.7,101.416,5
73.50100000000384,6.816,7.95185,Clear,0,1509.57,101.398,5
73.60100000000966,7.339,8.4744,Clear,0,1509.441,101.38,5
73.70100000000093,7.358,8.49341,Clear,0,1509.312,101.362,5
73.90100000001257,6.765,7.89825,Clear,0,1509.055,101.326,5
74.00100000000384,7.046,8.17922,Clear,0,1508.926,101.308,5
74.10100000000966,7.262,8.39432,Clear,0,1508.798,101.29,5
74.20100000000093,7.361,8.49292,Clear,0,1508.671,101.272,5
74.30100000000675,7.11,8.24056,Clear,0,1508.543,101.254,5
74.40100000001257,7.217,8.34646,Clear,0,1508.416,101.236,5
74.50100000000384,7.332,8.46238,Clear,0,1508.29,101.218,5
74.60100000000966,7.146,8.2754,Clear,0,1508.163,101.2,5
74.70100000000093,7.192,8.32141,Clear,0,1508.037,101.182,5
74.80100000000675,7.394,8.5218,Clear,0,1507.911,101.164,5
74.90100000001257,7.218,8.3456,Clear,0,1507.785,101.146,5
75.00100000000384,7.123,8.24995,Clear,0,1507.66,101.128,5
75.10100000000966,7.266,8.39163,Clear,0,1507.535,101.11,5
75.20100000000093,6.699,7.82463,Clear,0,1507.41,101.092,5
75.30100000000675,7.075,8.19966,Clear,0,1507.285,101.074,5
75.40100000001257,7.324,8.44861,Clear,0,1507.161,101.056,5
75.50100000000384,7.01,8.13379,Clear,0,1507.037,101.038,5
75.60100000000966,7.065,8.18809,Clear,0,1506.914,101.02,5
75.70100000000093,7.076,8.19928,Clear,0,1506.79,101.002,5
75.80100000000675,7.212,8.33365,Clear,0,1506.667,100.984,5
75.90100000001257,7.057,8.17887,Clear,0,1506.544,100.966,5
76.00100000000384,7.014,8.13502,Clear,0,1506.422,100.948,5
76.10100000000966,7.167,8.28698,Clear,0,1506.299,100.93,5
76.20100000000093,7.362,8.4823,Clear,0,1506.178,100.912,5
76.30100000000675,7.481,8.60043,Clear,0,1506.056,100.893,5
76.40100000001257,7.297,8.41584,Clear,0,1505.934,100.875,5
76.50100000000384,6.985,8.10326,Clear,0,1505.813,100.857,5
76.60100000000966,7.164,8.28123,Clear,0,1505.693,100.839,5
76.70100000000093,7.107,8.22417,Clear,0,1505.572,100.821,5
76.80100000000675,7.203,8.31875,Clear,0,1505.452,100.803,5
76.90100000001257,6.863,7.97856,Clear,0,1505.332,100.785,5
77.00100000000384,7.341,8.456,Clear,0,1505.212,100.767,5
77.10100000000966,7.039,8.15381,Clear,0,1505.093,100.749,5
77.20100000000093,6.924,8.03781,Clear,0,1504.974,100.731,5
77.30100000000675,7.075,8.18748,Clear,0,1504.855,100.713,5
77.40100000001257,7.119,8.23158,Clear,0,1504.736,100.694,5
77.50100000000384,7.283,8.39517,Clear,0,1504.618,100.676,5
77.60100000000966,6.997,8.10849,Clear,0,1504.5,100.658,5
77.70100000000093,7.222,8.33326,Clear,0,1504.383,100.64,5
77.80100000000675,6.898,8.00842,Clear,0,1504.265,100.622,5
77.90100000001257,7.038,8.14763,Clear,0,1504.148,100.604,5
78.00100000000384,7.193,8.3015,Clear,0,1504.031,100.586,5
78.10100000000966,7.537,8.6459,Clear,0,1503.915,100.568,5
78.20100000000093,7.193,8.30066,Clear,0,1503.799,100.55,5
78.30100000000675,7.366,8.47395,Clear,0,1503.683,100.531,5
78.40100000001257,6.959,8.06567,Clear,0,1503.567,100.513,5
78.50100000000384,6.995,8.10118,Clear,0,1503.452,100.495,5
78.60100000000966,6.916,8.02188,Clear,0,1503.337,100.477,5
78.70100000000093,6.988,8.09288,Clear,0,1503.222,100.459,5
78.80100000000675,7.1,8.20529,Clear,0,1503.107,100.441,5
78.90100000001257,7.094,8.19805,Clear,0,1502.993,100.423,5
79.00100000000384,7.068,8.17144,Clear,0,1502.879,100.404,5
79.10100000000966,7.139,8.24181,Clear,0,1502.765,100.386,5
79.20100000000093,6.899,8.00111,Clear,0,1502.652,100.368,5
79.30100000000675,6.818,7.92002,Clear,0,1502.539,100.35,5
79.40100000001257,6.955,8.05564,Clear,0,1502.426,100.332,5
79.50100000000384,7.184,8.28534,Clear,0,1502.314,100.314,5
79.60100000000966,7.339,8.43928,Clear,0,1502.202,100.295,5
79.70100000000093,6.948,8.04669,Clear,0,1502.09,100.277,5
79.80100000000675,7.091,8.19011,Clear,0,1501.978,100.259,5
79.90100000001257,7.239,8.33714,Clear,0,1501.867,100.241,5
80.00100000000384,7.076,8.1744,Clear,0,1501.756,100.223,5
80.10100000000966,6.866,7.96286,Clear,0,1501.645,100.205,5
80.20100000000093,6.975,8.07241,Clear,0,1501.534,100.186,5
80.30100000000675,6.979,8.07478,Clear,0,1501.424,100.168,5
80.40100000001257,7.059,8.15417,Clear,0,1501.314,100.15,5
80.50100000000384,6.997,8.0915,Clear,0,1501.205,100.132,5
80.60100000000966,7.017,8.11129,Clear,0,1501.095,100.114,5
80.70100000000093,6.869,7.96286,Clear,0,1500.986,100.095,5
80.80100000000675,6.857,7.9501,Clear,0,1500.878,100.077,5
80.90100000001257,6.568,7.66072,Clear,0,1500.769,100.059,5
81.00100000000384,7.078,8.16959,Clear,0,1500.661,100.041,5
81.10100000000966,6.896,7.98665,Clear,0,1500.553,100.023,5
81.20100000000093,6.912,8.00333,Clear,0,1500.446,100.004,5
81.40100000001257,6.811,7.9008,Clear,0,1500.231,99.968,5
81.50100000000384,6.92,8.00905,Clear,0,1500.124,99.95,5
81.60100000000966,6.934,8.02318,Clear,0,1500.018,99.931,5
81.70100000000093,6.856,7.94378,Clear,0,1499.912,99.913,5
81.80100000000675,6.996,8.08328,Clear,0,1499.806,99.895,5
81.90100000001257,6.886,7.97299,Clear,0,1499.701,99.877,5
82.00100000000384,6.667,7.75341,Clear,0,1499.595,99.859,5
82.10100000000966,7.175,8.26054,Clear,0,1499.49,99.84,5
82.20100000000093,7.089,8.17366,Clear,0,1499.386,99.822,5
82.30100000000675,6.873,7.95828,Clear,0,1499.281,99.804,5
82.40100000001257,7.055,8.13897,Clear,0,1499.177,99.786,5
82.50100000000384,6.93,8.01385,Clear,0,1499.073,99.767,5
82.60100000000966,6.986,8.06903,Clear,0,1498.97,99.749,5
82.70100000000093,7.012,8.09392,Clear,0,1498.866,99.731,5
82.80100000000675,7.039,8.12115,Clear,0,1498.763,99.713,5
82.90100000001257,6.82,7.90051,Clear,0,1498.661,99.694,5
83.00100000000384,6.923,8.00428,Clear,0,1498.558,99.676,5
83.10100000000966,7.302,8.38205,Clear,0,1498.456,99.658,5
83.20100000000093,7.091,8.17144,Clear,0,1498.355,99.64,5
83.30100000000675,7.15,8.22924,Clear,0,1498.253,99.621,5
83.40100000001257,7.118,8.19729,Clear,0,1498.152,99.603,5
83.50100000000384,7.189,8.26658,Clear,0,1498.051,99.585,5
83.60100000000966,7.237,8.31367,Clear,0,1497.95,99.567,5
83.70100000000093,7.115,8.19162,Clear,0,1497.85,99.548,5
83.80100000000675,6.782,7.85779,Clear,0,1497.75,99.53,5
83.90100000001257,7.453,8.52864,Clear,0,1497.65,99.512,5
84.00100000000384,7.009,8.0843,Clear,0,1497.551,99.493,5
84.20100000000093,6.978,8.05231,Clear,0,1497.353,99.457,5
84.40100000001257,7.11,8.18298,Clear,0,1497.156,99.42,5
84.50100000000384,6.684,7.75643,Clear,0,1497.058,99.402,5
84.60100000000966,6.758,7.82986,Clear,0,1496.96,99.384,5
85.30100000000675,7.501,8.569,Clear,0,1496.284,99.256,5
85.50100000000384,7.21,8.27714,Clear,0,1496.094,99.219,5
85.60100000000966,7.456,8.52146,Clear,0,1495.999,99.201,5
85.70100000000093,7.255,8.32087,Clear,0,1495.904,99.182,5
85.80100000000675,7.247,8.31156,Clear,0,1495.81,99.164,5
85.90100000001257,7.061,8.1264,Clear,0,1495.716,99.146,5
86.00100000000384,7.299,8.36293,Clear,0,1495.622,99.127,5
86.10100000000966,7.339,8.40292,Clear,0,1495.529,99.109,5
86.20100000000093,7.198,8.26109,Clear,0,1495.436,99.091,5
86.30100000000675,7.327,8.38972,Clear,0,1495.343,99.072,5
86.40100000001257,7.184,8.24554,Clear,0,1495.251,99.054,5
86.50100000000384,7.072,8.13424,Clear,0,1495.159,99.036,5
86.60100000000966,7.327,8.38837,Clear,0,1495.067,99.017,5
86.70100000000093,7.239,8.29869,Clear,0,1494.975,98.999,5
86.80100000000675,7.123,8.18284,Clear,0,1494.884,98.981,5
86.90100000001257,6.804,7.86277,Clear,0,1494.793,98.962,5
87.00100000000384,7.431,8.48959,Clear,0,1494.702,98.944,5
87.10100000000966,7.199,8.25668,Clear,0,1494.612,98.926,5
87.20100000000093,7.37,8.42839,Clear,0,1494.521,98.907,5
87.30100000000675,7.147,8.20397,Clear,0,1494.432,98.889,5
87.40100000001257,7.007,8.06434,Clear,0,1494.342,98.87,5
87.50100000000384,6.99,8.0464,Clear,0,1494.253,98.852,5
87.60100000000966,7.05,8.10567,Clear,0,1494.164,98.834,5
87.70100000000093,7.368,8.42278,Clear,0,1494.075,98.815,5
87.80100000000675,7.458,8.51315,Clear,0,1493.987,98.797,5
87.90100000001257,7.007,8.061,Clear,0,1493.899,98.779,5
88.00100000000384,7.138,8.19072,Clear,0,1493.811,98.76,5
88.10100000000966,7.539,8.59194,Clear,0,1493.723,98.742,5
88.20100000000093,7.096,8.1479,Clear,0,1493.636,98.724,5
88.30100000000675,7.66,8.71161,Clear,0,1493.549,98.705,5
88.40100000001257,7.402,8.45256,Clear,0,1493.463,98.687,5
88.50100000000384,7.657,8.70797,Clear,0,1493.376,98.668,5
88.60100000000966,7.109,8.15881,Clear,0,1493.29,98.65,5
88.70100000000093,7.175,8.22514,Clear,0,1493.204,98.632,5
88.80100000000675,7.473,8.52231,Clear,0,1493.119,98.613,5
89.00100000000384,7.419,8.46654,Clear,0,1492.949,98.576,5
89.10100000000966,7.478,8.5264,Clear,0,1492.864,98.558,5
89.20100000000093,7.13,8.17725,Clear,0,1492.78,98.54,5
89.30100000000675,7.296,8.34282,Clear,0,1492.696,98.521,5
89.40100000001257,7.547,8.59248,Clear,0,1492.612,98.503,5
89.60100000000966,7.065,8.1102,Clear,0,1492.446,98.466,5
89.70100000000093,6.883,7.92697,Clear,0,1492.363,98.448,5
89.80100000000675,7.49,8.53412,Clear,0,1492.281,98.429,5
89.90100000001257,7.34,8.38251,Clear,0,1492.198,98.411,5
90.00100000000384,7.288,8.33076,Clear,0,1492.116,98.392,5
90.10100000000966,7.121,8.16321,Clear,0,1492.035,98.374,5
90.20100000000093,7.348,8.38972,Clear,0,1491.953,98.356,5
90.30100000000675,7.464,8.50507,Clear,0,1491.872,98.337,5
90.40100000001257,7.525,8.5661,Clear,0,1491.792,98.319,5
90.50100000000384,7.119,8.15918,Clear,0,1491.711,98.3,5
90.70100000000093,7.739,8.77808,Clear,0,1491.551,98.263,5
90.80100000000675,7.175,8.21354,Clear,0,1491.472,98.245,5
91.00100000000384,7.318,8.35545,Clear,0,1491.313,98.208,5
91.20100000000093,7.53,8.56716,Clear,0,1491.156,98.171,5
91.30100000000675,7.189,8.22514,Clear,0,1491.078,98.153,5
91.40100000001257,7.224,8.25948,Clear,0,1491.0,98.134,5
91.50100000000384,7.337,8.37179,Clear,0,1490.923,98.116,5
91.60100000000966,7.152,8.18696,Clear,0,1490.846,98.098,5
91.70100000000093,7.529,8.56291,Clear,0,1490.769,98.079,5
91.80100000000675,7.287,8.32053,Clear,0,1490.692,98.061,5
92.10100000000966,7.733,8.76458,Clear,0,1490.464,98.005,5
92.30100000000675,7.527,8.55762,Clear,0,1490.313,97.968,5
92.50100000000384,7.495,8.52487,Clear,0,1490.164,97.932,5
92.60100000000966,7.832,8.86138,Clear,0,1490.09,97.913,5
93.10100000000966,7.383,8.40981,Clear,0,1489.723,97.821,5
93.40100000001257,7.067,8.09217,Clear,0,1489.506,97.765,5
93.50100000000384,7.362,8.38701,Clear,0,1489.434,97.747,5
93.60100000000966,7.588,8.61228,Clear,0,1489.363,97.728,5
93.80000000000291,7.602,8.62456,Clear,0,1489.222,97.692,5
93.90000000000873,7.564,8.5865,Clear,0,1489.152,97.673,5
94.20100000000093,7.609,8.63019,Clear,0,1488.941,97.618,5
94.40100000001257,7.238,8.25748,Clear,0,1488.803,97.581,5
94.50100000000384,7.395,8.41535,Clear,0,1488.735,97.562,5
94.70000000001164,7.724,8.74308,Clear,0,1488.599,97.525,5
94.90000000000873,7.279,8.29703,Clear,0,1488.464,97.488,5
95.30000000000291,7.431,8.44682,Clear,0,1488.197,97.414,5
96.0,7.431,8.4432,Clear,0,1487.741,97.285,5
96.10000000000582,7.413,8.42484,Clear,0,1487.677,97.266,5
96.30000000000291,6.957,7.96763,Clear,0,1487.55,97.229,5
